input,object,object_type,data/object,relation,subject,subject_type
知识图谱是一种用图模型来描述知识和建模世界万物之间的关联关系的技术方法[1]。,知识图谱,知识图谱,,属于,技术方法,知识图谱
知识图谱是一种用图模型来描述知识和建模世界万物之间的关联关系的技术方法[1]。,知识图谱,知识图谱,属性,被定义为,一种用图模型来描述知识和建模世界万物之间的关联关系的技术方法,文本
知识图谱由节点和边组成。,知识图谱,知识图谱,,由组成,节点,知识图谱
知识图谱由节点和边组成。,知识图谱,知识图谱,,由组成,边,知识图谱
节点可以是实体，如一个人、一本书等，或是抽象的概念，如人工智能、知识图谱等。,节点,知识图谱,属性,内容,实体和概念,文本
边可以是实体的属性，如姓名、书名，或是实体之间的关系，如朋友、配偶。,边,知识图谱,属性,内容,实体的属性和实体之间的关系,文本
"知识图谱的早期理念来自Semantic_Web[2,3]（语义网），其最初理想是把基于文本链接的万维网转化成基于实体链接的语义网。",知识图谱,知识图谱,,来源,Semantic_Web,知识图谱
"知识图谱的早期理念来自Semantic_Web[2,2]（语义网），其最初理想是把基于文本链接的万维网转化成基于实体链接的语义网。",语义网,知识图谱,属性,目标,把基于文本链接的万维网转化成基于实体链接的语义网,文本
"知识图谱的早期理念来自Semantic_Web[2,3]（语义网），其最初理想是把基于文本链接的万维网转化成基于实体链接的语义网。",语义网,知识图谱,属性,英文名,Semantic_Web,文本
Semantic_Web仍然基于图和链接的组织方式，只是图中的节点代表的不只是网页，而是客观世界中的实体（如人、机构、地点等），而超链接也被增加了语义描述，具体标明实体之间的关系（如出生地是、创办人是等）。,Semantic_Web,知识图谱,,由组成,图,知识图谱
Semantic_Web仍然基于图和链接的组织方式，只是图中的节点代表的不只是网页，而是客观世界中的实体（如人、机构、地点等），而超链接也被增加了语义描述，具体标明实体之间的关系（如出生地是、创办人是等）。,Semantic_Web,知识图谱,,由组成,链接,知识图谱
相对于传统的网页互联网，Semantic_Web的本质是数据的互联网（Web_of_Data）或事物的互联网（Web_of_Things）。,Semantic_Web,知识图谱,,等价,数据的互联网,知识图谱
相对于传统的网页互联网，Semantic_Web的本质是数据的互联网（Web_of_Data）或事物的互联网（Web_of_Things）。,Semantic_Web,知识图谱,,等价,事物的互联网,知识图谱
相对于传统的网页互联网，Semantic_Web的本质是数据的互联网（Web_of_Data）或事物的互联网（Web_of_Things）。,数据的互联网,知识图谱,属性,英文名,Web_of_Data,文本
相对于传统的网页互联网，Semantic_Web的本质是数据的互联网（Web_of_Data）或事物的互联网（Web_of_Things）。,事物的互联网,知识图谱,属性,英文名,Web_of_Things,文本
如图1-1所示，知识图谱旨在从数据中识别、发现和推断事物与概念之间的复杂关系，是事物关系的可计算模型。,知识图谱,知识图谱,,属于,事物关系的可计算模型,知识图谱
如图1-1所示，知识图谱旨在从数据中识别、发现和推断事物与概念之间的复杂关系，是事物关系的可计算模型。,知识图谱,知识图谱,属性,目标,在从数据中识别、发现和推断事物与概念之间的复杂关系,文本
知识图谱的构建涉及知识建模、关系抽取、图存储、关系推理、实体融合等多方面的技术，而知识图谱的应用则涉及语义搜索、智能问答、语言理解、决策分析等多个领域。,知识图谱构建,知识图谱,,包含,知识建模,知识图谱
知识图谱的构建涉及知识建模、关系抽取、图存储、关系推理、实体融合等多方面的技术，而知识图谱的应用则涉及语义搜索、智能问答、语言理解、决策分析等多个领域。,知识图谱构建,知识图谱,,包含,关系抽取,知识图谱
知识图谱的构建涉及知识建模、关系抽取、图存储、关系推理、实体融合等多方面的技术，而知识图谱的应用则涉及语义搜索、智能问答、语言理解、决策分析等多个领域。,知识图谱构建,知识图谱,,包含,图存储,知识图谱
知识图谱的构建涉及知识建模、关系抽取、图存储、关系推理、实体融合等多方面的技术，而知识图谱的应用则涉及语义搜索、智能问答、语言理解、决策分析等多个领域。,知识图谱构建,知识图谱,,包含,关系推理,知识图谱
知识图谱的构建涉及知识建模、关系抽取、图存储、关系推理、实体融合等多方面的技术，而知识图谱的应用则涉及语义搜索、智能问答、语言理解、决策分析等多个领域。,知识图谱构建,知识图谱,,包含,实体融合,知识图谱
知识图谱的构建涉及知识建模、关系抽取、图存储、关系推理、实体融合等多方面的技术，而知识图谱的应用则涉及语义搜索、智能问答、语言理解、决策分析等多个领域。,知识图谱应用,知识图谱,,包含,语义搜索,知识图谱
知识图谱的构建涉及知识建模、关系抽取、图存储、关系推理、实体融合等多方面的技术，而知识图谱的应用则涉及语义搜索、智能问答、语言理解、决策分析等多个领域。,知识图谱应用,知识图谱,,包含,智能问答,知识图谱
知识图谱的构建涉及知识建模、关系抽取、图存储、关系推理、实体融合等多方面的技术，而知识图谱的应用则涉及语义搜索、智能问答、语言理解、决策分析等多个领域。,知识图谱应用,知识图谱,,包含,语言理解,知识图谱
知识图谱的构建涉及知识建模、关系抽取、图存储、关系推理、实体融合等多方面的技术，而知识图谱的应用则涉及语义搜索、智能问答、语言理解、决策分析等多个领域。,知识图谱应用,知识图谱,,包含,决策分析,知识图谱
构建并利用好知识图谱需要系统性地利用包括知识表示（Knowledge_Representation）、图数据库、自然语言处理、机器学习等多方面的技术。,知识图谱构建技术,知识图谱,,包含,知识表示,知识图谱
构建并利用好知识图谱需要系统性地利用包括知识表示（Knowledge_Representation）、图数据库、自然语言处理、机器学习等多方面的技术。,知识图谱构建技术,知识图谱,,包含,图数据库,知识图谱
构建并利用好知识图谱需要系统性地利用包括知识表示（Knowledge_Representation）、图数据库、自然语言处理、机器学习等多方面的技术。,知识图谱构建技术,知识图谱,,包含,自然语言处理,知识图谱
构建并利用好知识图谱需要系统性地利用包括知识表示（Knowledge_Representation）、图数据库、自然语言处理、机器学习等多方面的技术。,知识图谱构建技术,知识图谱,,包含,机器学习,知识图谱
哲学家柏拉图把知识（Knowledge）定义为“Justified_True_Belief”，即知识需要满足三个核心要素：合理性（Justified）、真实性（True）和被相信（Believed）。,知识,知识图谱,属性,被定义为,Justified_True_Belief,文本
简而言之，知识是人类通过观察、学习和思考有关客观世界的各种现象而获得并总结出的所有事实（Fact）、概念（Concept）、规则（Rule）或原则（Principle）的集合。,知识,知识图谱,属性,被定义为,事实、概念、规则或原则的集合,文本
知识表示是现实世界的可计算模型（Computable_Model_of_Reality）。,知识表示,知识表示,属性,被定义为,现实世界的可计算模型,文本
知识表示是现实世界的可计算模型（Computable_Model_of_Reality）。,世界的可计算模型,知识表示,属性,英文名,Computable_Model_of_Reality,文本
早期的专家系统最常用的知识表示方法包括基于框架的语言（Frame-based_Languages）和产生式规则（Production_Rules）等。,早期的专家系统知识表示方法,知识表示,,包含,基于框架的语言,知识表示
早期的专家系统最常用的知识表示方法包括基于框架的语言（Frame-based_Languages）和产生式规则（Production_Rules）等。,早期的专家系统知识表示方法,知识表示,,包含,产生式规则,知识表示
早期的专家系统最常用的知识表示方法包括基于框架的语言（Frame-based_Languages）和产生式规则（Production_Rules）等。,基于框架的语言,知识表示,属性,英文名,Frame-based_Languages,文本
早期的专家系统最常用的知识表示方法包括基于框架的语言（Frame-based_Languages）和产生式规则（Production_Rules）等。,产生式规则,知识表示,属性,英文名,Production_Rules,文本
框架语言主要用于描述客观世界的类别、个体、属性及关系等，较多地被应用于辅助自然语言理解。,框架语言,知识表示,属性,作用,描述客观世界的类别、个体、属性及关系等,文本
产生式规则主要用于描述类似于IF-THEN的逻辑结构，适合于刻画过程性知识。,产生式规则,知识表示,属性,作用,描述类似于IF-THEN的逻辑结构，适合于刻画过程性知识。,文本
如图1-4所示，传统的知识库，如Douglas_Lenat从1984年开始创建的常识知识库Cyc，仅包含700万条[1]的事实描述（Assertion）。,知识库,知识图谱项目,,包含,Cyc,知识图谱项目
由著名人工智能专家Marvin_Minsky于1999年起开始构建的ConceptNet[24]常识知识库依靠了互联网众规模在百万级别，最新的包、专家创建和游戏三种方法，但早期的ConceptNet5.0也仅包含2800万个RDF三元组关系描述。,知识库,知识图谱项目,,包含,ConceptNet,知识图谱项目
由著名人工智能专家Marvin_Minsky于1999年起开始构建的ConceptNet[24]常识知识库依靠了互联网众规模在百万级别，最新的包、专家创建和游戏三种方法，但早期的ConceptNet5.0也仅包含2800万个RDF三元组关系描述。,ConceptNet,知识图谱项目,属性,创建时间,1999,时间
由著名人工智能专家Marvin_Minsky于1999年起开始构建的ConceptNet[24]常识知识库依靠了互联网众规模在百万级别，最新的包、专家创建和游戏三种方法，但早期的ConceptNet5.0也仅包含2800万个RDF三元组关系描述。,ConceptNet,知识图谱项目,属性,创建者,Marvin_Minsky,人物/实验室
随后，知识图谱在辅助智能问答、自然语言理解、大数据分析、推荐计算、物联网设备互联、可解释性人工智能等多个方面展现出丰富的应用价值。,知识图谱应用,知识图谱,,包含,辅助智能问答,知识图谱
随后，知识图谱在辅助智能问答、自然语言理解、大数据分析、推荐计算、物联网设备互联、可解释性人工智能等多个方面展现出丰富的应用价值。,知识图谱应用,知识图谱,,包含,自然语言理解,知识图谱
随后，知识图谱在辅助智能问答、自然语言理解、大数据分析、推荐计算、物联网设备互联、可解释性人工智能等多个方面展现出丰富的应用价值。,知识图谱应用,知识图谱,,包含,大数据分析,知识图谱
随后，知识图谱在辅助智能问答、自然语言理解、大数据分析、推荐计算、物联网设备互联、可解释性人工智能等多个方面展现出丰富的应用价值。,知识图谱应用,知识图谱,,包含,推荐计算,知识图谱
随后，知识图谱在辅助智能问答、自然语言理解、大数据分析、推荐计算、物联网设备互联、可解释性人工智能等多个方面展现出丰富的应用价值。,知识图谱应用,知识图谱,,包含,物联网设备互联,知识图谱
随后，知识图谱在辅助智能问答、自然语言理解、大数据分析、推荐计算、物联网设备互联、可解释性人工智能等多个方面展现出丰富的应用价值。,知识图谱应用,知识图谱,,包含,可解释性人工智能,知识图谱
除了辅助搜索，知识图谱也被广泛用于人机问答交互中。,知识图谱应用,知识图谱,,包含,人机问答交互,知识图谱
在产业界，IBM_Watson背后依托DBpedia和Yago等百科知识库和WordNet等语言学知识库实现深度知识问答。,IBM_Watson,知识图谱项目,,属于,知识问答项目,知识问答
Amazon_Alex主要依靠True_Knowledge公司积累的知识图谱。,Amazon_Alex,知识图谱项目,,属于,知识问答项目,知识问答
度秘、Siri的进化版Viv、小爱机器人、天猫精灵背后都有海量知识图谱作为支撑。,度秘,知识图谱项目,,属于,知识问答项目,知识问答
典型的基于知识图谱的问答技术或方法包括：基于语义解析、基于图匹配、基于模板学习、基于表示学习和深度学习以及基于混合模型等。,基于知识图谱的问答技术或方法,知识图谱,,包含,基于语义解析,知识图谱
典型的基于知识图谱的问答技术或方法包括：基于语义解析、基于图匹配、基于模板学习、基于表示学习和深度学习以及基于混合模型等。,基于知识图谱的问答技术或方法,知识图谱,,包含,基于图匹配,知识图谱
典型的基于知识图谱的问答技术或方法包括：基于语义解析、基于图匹配、基于模板学习、基于表示学习和深度学习以及基于混合模型等。,基于知识图谱的问答技术或方法,知识图谱,,包含,基于模板学习,知识图谱
典型的基于知识图谱的问答技术或方法包括：基于语义解析、基于图匹配、基于模板学习、基于表示学习和深度学习以及基于混合模型等。,基于知识图谱的问答技术或方法,知识图谱,,包含,基于表示学习,知识图谱
典型的基于知识图谱的问答技术或方法包括：基于语义解析、基于图匹配、基于模板学习、基于表示学习和深度学习以及基于混合模型等。,基于知识图谱的问答技术或方法,知识图谱,,包含,基于混合模型,知识图谱
3.辅助大数据分析知识图谱和语义技术也被用于辅助进行数据分析与决策。,知识图谱应用,知识图谱,,包含,辅助大数据分析,知识图谱
例如，知识图谱被广泛用来作为先验知识从文本中抽取实体和关系，如在远程监督中的应用。,知识图谱应用,知识图谱,,包含,从文本中抽取实体和关系,知识图谱
知识图谱也被用来辅助实现文本中的实体消歧（Entity_Disambiguation）、指代消解和文本理解等。,知识图谱应用,知识图谱,,包含,文本中实体消歧,知识图谱
知识图谱也被用来辅助实现文本中的实体消歧（Entity_Disambiguation）、指代消解和文本理解等。,知识图谱应用,知识图谱,,包含,指代消解,知识图谱
知识图谱也被用来辅助实现文本中的实体消歧（Entity_Disambiguation）、指代消解和文本理解等。,知识图谱应用,知识图谱,,包含,文本理解,知识图谱
下面分别介绍早期的知识库项目、互联网时代的知识图谱、中文开放知识图谱和垂直领域知识图谱。,知识图谱项目,知识图谱项目,,包含,早期的知识库项目,知识图谱项目
下面分别介绍早期的知识库项目、互联网时代的知识图谱、中文开放知识图谱和垂直领域知识图谱。,知识图谱项目,知识图谱项目,,包含,互联网时代的知识图谱,知识图谱项目
下面分别介绍早期的知识库项目、互联网时代的知识图谱、中文开放知识图谱和垂直领域知识图谱。,知识图谱项目,知识图谱项目,,包含,中文开放知识图谱,知识图谱项目
下面分别介绍早期的知识库项目、互联网时代的知识图谱、中文开放知识图谱和垂直领域知识图谱。,知识图谱项目,知识图谱项目,,包含,垂直领域知识图谱,知识图谱项目
1.4.1早期的知识库项目Cyc是持续时间最久、影响范围较广、争议也较多的知识库项目。,Cyc,知识图谱项目,,属于,早期的知识库项目,知识图谱项目
Cyc知识库主要由术语（Term）和断言（Assertion）组成。,Cyc,知识图谱项目,,由组成,术语,知识图谱项目
Cyc知识库主要由术语（Term）和断言（Assertion）组成。,Cyc,知识图谱项目,,由组成,断言,知识图谱项目
术语包含概念、关系和实体的定义。,术语,知识图谱项目,属性,被定义为,概念、关系和实体的定义,文本
断言用来建立术语之间的关系，既包括事实（Fact）描述，也包含规则（Rule）描述。,断言,知识图谱项目,属性,被定义为,建立术语之间的关系,文本
最新的Cyc知识库已经包含有50万条术语和700万条断言。,Cyc,知识图谱项目,属性,内容,50万条术语和700万条断言,文本
Cyc的主要特点是基于形式化的知识表示方法刻画知识。,Cyc,知识图谱项目,属性,特点,基于形式化的知识表示方法刻画知识,文本
WordNet是最著名的词典知识库，由普林斯顿大学认知科学实验室从1985年开始开发。,WordNet,知识图谱项目,,属于,早期的知识库项目,知识图谱项目
WordNet是最著名的词典知识库，由普林斯顿大学认知科学实验室从1986年开始开发。,WordNet,知识图谱项目,属性,创建时间,1985,时间
WordNet是最著名的词典知识库，由普林斯顿大学认知科学实验室从1987年开始开发。,WordNet,知识图谱项目,属性,创建者,普林斯顿大学认知科学实验室,人物/实验室
WordNet主要定义了名词、动词、形容词和副词之间的语义关系。,WordNet,知识图谱项目,属性,内容,名词、动词、形容词和副词之间的语义关系,文本
ConceptNet最早源于MIT媒体实验室的OMCS（Open_Mind_Common_Sense）项目。,ConceptNet,知识图谱项目,属性,创建者,MIT媒体实验室的OMCS（Open_Mind_Common_Sense）项目,人物/实验室
与Cyc相比，ConceptNet采用了非形式化、更加接近自然语言的描述，而不是像Cyc一样采用形式化的谓词逻辑。,ConceptNet,知识图谱项目,属性,内容,非形式化、更加接近自然语言的描述,文本
这类知识库的构建方法可以分为三类：互联网众包、专家协作和互联网挖掘。,互联网时代的知识图谱构建方法,知识图谱项目,,包含,互联网众包,知识图谱项目
这类知识库的构建方法可以分为三类：互联网众包、专家协作和互联网挖掘。,互联网时代的知识图谱构建方法,知识图谱项目,,包含,专家协作,知识图谱项目
这类知识库的构建方法可以分为三类：互联网众包、专家协作和互联网挖掘。,互联网时代的知识图谱构建方法,知识图谱项目,,包含,互联网挖掘,知识图谱项目
Freebase是一个开放共享的、协同构建的大规模链接数据库。,Freebase,知识图谱项目,,属于,互联网时代的知识图谱,知识图谱项目
Freebase是由硅谷创业公司MetaWeb于2005年启动的一个语义网项目。,Freebase,知识图谱项目,属性,创建时间,2005,时间
Freebase是由硅谷创业公司MetaWeb于2005年启动的一个语义网项目。,Freebase,知识图谱项目,属性,创建者,MetaWeb,人物/实验室
Freebase基于RDF三元组模型，底层采用图数据库进行存储。,Freebase,知识图谱项目,属性,方法,RDF三元组模型,文本
Freebase的一个特点是不对顶层本体做非常严格的控制，用户可以创建与编辑类和关系的定义。,Freebase,知识图谱项目,属性,特点,不对顶层本体做非常严格的控制，用户可以创建与编辑类和关系的定义,文本
DBpedia采用RDF语义数据模型，总共包含29亿个RDF三元组。,DBpedia,知识图谱项目,,属于,互联网时代的知识图谱,知识图谱项目
DBpedia采用RDF语义数据模型，总共包含30亿个RDF三元组。,DBpedia,知识图谱项目,属性,方法,RDF语义数据模型,文本
Schema.org是从2011年开始，由Bing、Google、Yahoo和Yandex等搜索引擎公司共同支持的语义网项目。,Schema.org,知识图谱项目,属性,创建者,Bing、Google、Yahoo和Yandex,人物/实验室
Schema.org是从2011年开始，由Bing、Google、Yahoo和Yandex等搜索引擎公司共同支持的语义网项目。,Schema.org,知识图谱项目,属性,创建时间,2011,时间
Schema.org的本质是采用互联网众包的方式生成和收集高质量的知识图谱数据。,Schema.org,知识图谱项目,属性,方法,采用互联网众包的方式生成和收集高质量的知识图谱数据,文本
Wikidata的目标是构建一个免费开放、多语言、任何人或机器都可以编辑修改的大规模链接知识库。,Wikidata,知识图谱项目,,属于,互联网时代的知识图谱,知识图谱项目
Wikidata的目标是构建一个免费开放、多语言、任何人或机器都可以编辑修改的大规模链接知识库。,Wikidata,知识图谱项目,属性,目标,构建一个免费开放、多语言、任何人或机器都可以编辑修改的大规模链接知识库,文本
Wikidata由Wikipedia于2012年启动，早期得到微软联合创始人PaulAllen、Gordon_Betty_Moore基金会以及谷歌的联合资助。,Wikidata,知识图谱项目,属性,创建者,Wikipedia,人物/实验室
Wikidata由Wikipedia于2012年启动，早期得到微软联合创始人PaulAllen、Gordon_Betty_Moore基金会以及谷歌的联合资助。,Wikidata,知识图谱项目,属性,创建时间,2012,时间
截至2018年，Wikidata已经包含超过5000万个知识条目。,Wikidata,知识图谱项目,属性,内容,超过5000万个知识条目,文本
BabelNet是类似于WordNet的多语言词典知识库。,BabelNet,知识图谱项目,,属于,互联网时代的知识图谱,知识图谱项目
BabelNet的目标是解决WordNet在非英语语种中数据缺乏的问题。,BabelNet,知识图谱项目,属性,目标,解决WordNet在非英语语种中数据缺乏的问题,文本
BabelNet采用的方法是将WordNet词典与Wikipedia集成。,BabelNet,知识图谱项目,属性,方法,将WordNet词典与Wikipedia集成,文本
NELL（Never-Ending_Language_Learner）是卡内基梅隆大学开发的知识库。,NELL,知识图谱项目,,属于,互联网时代的知识图谱,知识图谱项目
NELL（Never-Ending_Language_Learner）是卡内基梅隆大学开发的知识库。,NELL,知识图谱项目,属性,创建者,卡内基梅隆大学,人物/实验室
NELL主要采用互联网挖掘的方法从Web中自动抽取三元组知识。,NELL,知识图谱项目,属性,方法,互联网挖掘的方法从Web中自动抽取三元组知识,文本
Yago是由德国马普研究所研制的链接数据库。,Yago,知识图谱项目,,属于,互联网时代的知识图谱,知识图谱项目
Yago是由德国马普研究所研制的链接数据库。,Yago,知识图谱项目,属性,创建者,德国马普研究所,人物/实验室
MicrosoftConceptGraph是以概念层次体系为中心的知识图谱。,MicrosoftConceptGraph,知识图谱项目,,属于,互联网时代的知识图谱,知识图谱项目
1.4.3中文开放知识图谱OpenKG是一个面向中文域开放知识图谱的社区项目，主要目的是促进中文领域知识图谱数据的开放与互联。,OpenKG.CN,知识图谱项目,,属于,典型的中文开放知识图谱数据,知识图谱项目
典型的中文开放知识图谱数据包括百科类的Zhishi.me（狗尾草科技、东南大学）、CN-DBpedia（复旦大学）、XLore（清华大学）、Belief-Engine（中科院自动化所）、PKUPie（北京大学）、ZhOnto（狗尾草科技）等。,典型的中文开放知识图谱数据,知识图谱项目,,包含,Zhishi.me,知识图谱项目
典型的中文开放知识图谱数据包括百科类的Zhishi.me（狗尾草科技、东南大学）、CN-DBpedia（复旦大学）、XLore（清华大学）、Belief-Engine（中科院自动化所）、PKUPie（北京大学）、ZhOnto（狗尾草科技）等。,典型的中文开放知识图谱数据,知识图谱项目,,包含,CN-DBpedia,知识图谱项目
典型的中文开放知识图谱数据包括百科类的Zhishi.me（狗尾草科技、东南大学）、CN-DBpedia（复旦大学）、XLore（清华大学）、Belief-Engine（中科院自动化所）、PKUPie（北京大学）、ZhOnto（狗尾草科技）等。,典型的中文开放知识图谱数据,知识图谱项目,,包含,XLore,知识图谱项目
典型的中文开放知识图谱数据包括百科类的Zhishi.me（狗尾草科技、东南大学）、CN-DBpedia（复旦大学）、XLore（清华大学）、Belief-Engine（中科院自动化所）、PKUPie（北京大学）、ZhOnto（狗尾草科技）等。,典型的中文开放知识图谱数据,知识图谱项目,,包含,Belief-Engine,知识图谱项目
典型的中文开放知识图谱数据包括百科类的Zhishi.me（狗尾草科技、东南大学）、CN-DBpedia（复旦大学）、XLore（清华大学）、Belief-Engine（中科院自动化所）、PKUPie（北京大学）、ZhOnto（狗尾草科技）等。,典型的中文开放知识图谱数据,知识图谱项目,,包含,PKUPie,知识图谱项目
典型的中文开放知识图谱数据包括百科类的Zhishi.me（狗尾草科技、东南大学）、CN-DBpedia（复旦大学）、XLore（清华大学）、Belief-Engine（中科院自动化所）、PKUPie（北京大学）、ZhOnto（狗尾草科技）等。,典型的中文开放知识图谱数据,知识图谱项目,,包含,ZhOnto,知识图谱项目
1.4.4垂直领域知识图谱领域知识图谱是相对于DBPedia、Yago、Wikidata、百度和谷歌等搜索引擎在使用的知识图谱等通用知识图谱而言的，它是面向特定领域的知识图谱，如电商、金融、医疗等。,垂直领域知识图谱,知识图谱项目,属性,被定义为,面向特定领域的知识图谱,文本
表1-1通用知识图谱与领域知识图谱的比较1.电商领域知识图谱以阿里巴巴电商知识图谱为例[27]，最新发布的知识图谱规模已达到百亿级别。,阿里巴巴电商知识图谱,知识图谱项目,,属于,垂直领域知识图谱,知识图谱项目
例如，仅Linked_Life_Data项目包含的RDF三元组规模就达到102亿个[3]，包含从基因、蛋白质、疾病、化学、神经科学、药物等多个领域的知识。,Linked_Life_Data,知识图谱项目,,属于,垂直领域知识图谱,知识图谱项目
医学领域的知识结构更加复杂[29-31]，如医学语义网络UMLS包含大量复杂的语义关系，GeneOnto[29]则包含复杂的类层次结构。,UMLS,知识图谱项目,,属于,垂直领域知识图谱,知识图谱项目
医学领域的知识结构更加复杂[29-31]，如医学语义网络UMLS包含大量复杂的语义关系，GeneOnto[29]则包含复杂的类层次结构。,GeneOnto,知识图谱项目,,属于,垂直领域知识图谱,知识图谱项目
3.金融领域知识图谱金融领域比较典型的例子如Kensho采用知识图谱辅助投资顾问和投资研究，国内以恒生电子为代表的金融科技机构以及不少银行、证券机构等也都在开展金融领域的知识图谱构建工作。,Kensho,知识图谱项目,,属于,垂直领域知识图谱,知识图谱项目
1.知识来源可以从多种来源获取知识图谱数据，包括文本、结构化数据库、多媒体数据、传感器数据和人工众包等。,知识图谱构建,知识图谱,,包含,知识来源,知识图谱
2.知识来源可以从多种来源获取知识图谱数据，包括文本、结构化数据库、多媒体数据、传感器数据和人工众包等。,知识来源,知识图谱,,包含,文本,知识图谱
3.知识来源可以从多种来源获取知识图谱数据，包括文本、结构化数据库、多媒体数据、传感器数据和人工众包等。,知识来源,知识图谱,,包含,结构化数据库,知识图谱
4.知识来源可以从多种来源获取知识图谱数据，包括文本、结构化数据库、多媒体数据、传感器数据和人工众包等。,知识来源,知识图谱,,包含,多媒体数据,知识图谱
5.知识来源可以从多种来源获取知识图谱数据，包括文本、结构化数据库、多媒体数据、传感器数据和人工众包等。,知识来源,知识图谱,,包含,传感器数据,知识图谱
6.知识来源可以从多种来源获取知识图谱数据，包括文本、结构化数据库、多媒体数据、传感器数据和人工众包等。,知识来源,知识图谱,,包含,人工众包,知识图谱
2.知识表示与Schema工程知识表示是指用计算机符号描述和表示人脑中的知识，以支持机器模拟人的心智进行推理的方法与技术。,知识表示,知识表示,属性,被定义为,用计算机符号描述和表示人脑中的知识,文本
知识表示决定了图谱构建的产出目标，即知识图谱的语义描述框架（Description_Framework）、Schema与本体（Ontology）、知识交换语法（Syntax）、实体命名及ID体系。,知识图谱构建,知识图谱构建,,产生,语义描述框架,知识图谱
知识表示决定了图谱构建的产出目标，即知识图谱的语义描述框架（Description_Framework）、Schema与本体（Ontology）、知识交换语法（Syntax）、实体命名及ID体系。,知识图谱构建,知识图谱构建,,产生,Schema与本体,知识图谱
知识表示决定了图谱构建的产出目标，即知识图谱的语义描述框架（Description_Framework）、Schema与本体（Ontology）、知识交换语法（Syntax）、实体命名及ID体系。,知识图谱构建,知识图谱构建,,产生,交换语法,知识图谱
知识表示决定了图谱构建的产出目标，即知识图谱的语义描述框架（Description_Framework）、Schema与本体（Ontology）、知识交换语法（Syntax）、实体命名及ID体系。,知识图谱构建,知识图谱构建,,产生,实体命名,知识图谱
知识表示决定了图谱构建的产出目标，即知识图谱的语义描述框架（Description_Framework）、Schema与本体（Ontology）、知识交换语法（Syntax）、实体命名及ID体系。,知识图谱构建,知识图谱构建,,产生,ID体系,知识图谱
知识表示决定了图谱构建的产出目标，即知识图谱的语义描述框架（Description_Framework）、Schema与本体（Ontology）、知识交换语法（Syntax）、实体命名及ID体系。,语义描述框架,知识图谱构建,属性,英文名,Description_Framework,文本
知识表示决定了图谱构建的产出目标，即知识图谱的语义描述框架（Description_Framework）、Schema与本体（Ontology）、知识交换语法（Syntax）、实体命名及ID体系。,知识交换语法,知识图谱构建,属性,英文名,Syntax,文本
"基本描述框架定义知识图谱的基本数据模型（DataModel）和逻辑结构（Structure），如国际万维网联盟（World_Wide_Web_Consortium,W3C）的RDF。",语义描述框架,知识图谱构建,属性,定义,知识图谱的基本数据模型和逻辑结构,文本
Schema与本体定义知识图谱的类集、属性集、关系集和词汇集。,Schema与本体,知识图谱构建,属性,定义,知识图谱的类集、属性集、关系集和词汇集,文本
交换语法定义知识实际存在的物理格式，如Turtle、JSON等。,交换语法,知识图谱构建,属性,定义,知识实际存在的物理格式,文本
实体命名及ID体系定义实体的命名原则及唯一标识规范等。,实体命名及ID体系,知识图谱构建,属性,定义,定义实体的命名原则及唯一标识规范等,文本
按知识类型的不同，知识图谱包括词（Vocabulary）、实体（Entity）、关系（Relation）、事件（Event）、术语体系（Taxonomy）、规则（Rule）等。,知识图谱,知识图谱,,由组成,词,知识图谱
按知识类型的不同，知识图谱包括词（Vocabulary）、实体（Entity）、关系（Relation）、事件（Event）、术语体系（Taxonomy）、规则（Rule）等。,知识图谱,知识图谱,,由组成,实体,知识图谱
按知识类型的不同，知识图谱包括词（Vocabulary）、实体（Entity）、关系（Relation）、事件（Event）、术语体系（Taxonomy）、规则（Rule）等。,知识图谱,知识图谱,,由组成,关系,知识图谱
按知识类型的不同，知识图谱包括词（Vocabulary）、实体（Entity）、关系（Relation）、事件（Event）、术语体系（Taxonomy）、规则（Rule）等。,知识图谱,知识图谱,,由组成,事件,知识图谱
按知识类型的不同，知识图谱包括词（Vocabulary）、实体（Entity）、关系（Relation）、事件（Event）、术语体系（Taxonomy）、规则（Rule）等。,知识图谱,知识图谱,,由组成,术语体系,知识图谱
按知识类型的不同，知识图谱包括词（Vocabulary）、实体（Entity）、关系（Relation）、事件（Event）、术语体系（Taxonomy）、规则（Rule）等。,知识图谱,知识图谱,,由组成,规则,知识图谱
按知识类型的不同，知识图谱包括词（Vocabulary）、实体（Entity）、关系（Relation）、事件（Event）、术语体系（Taxonomy）、规则（Rule）等。,词,知识图谱,属性,英文名,Vocabulary,文本
按知识类型的不同，知识图谱包括词（Vocabulary）、实体（Entity）、关系（Relation）、事件（Event）、术语体系（Taxonomy）、规则（Rule）等。,实体,知识图谱,属性,英文名,Entity,文本
按知识类型的不同，知识图谱包括词（Vocabulary）、实体（Entity）、关系（Relation）、事件（Event）、术语体系（Taxonomy）、规则（Rule）等。,关系,知识图谱,属性,英文名,Relation,文本
按知识类型的不同，知识图谱包括词（Vocabulary）、实体（Entity）、关系（Relation）、事件（Event）、术语体系（Taxonomy）、规则（Rule）等。,事件,知识图谱,属性,英文名,Event,文本
按知识类型的不同，知识图谱包括词（Vocabulary）、实体（Entity）、关系（Relation）、事件（Event）、术语体系（Taxonomy）、规则（Rule）等。,术语体系,知识图谱,属性,英文名,Taxonomy,文本
按知识类型的不同，知识图谱包括词（Vocabulary）、实体（Entity）、关系（Relation）、事件（Event）、术语体系（Taxonomy）、规则（Rule）等。,规则,知识图谱,属性,英文名,Rule,文本
词一级的知识以词为中心，并定义词与词之间的关系，如WordNet、ConceptNet等。,词,知识图谱,属性,定义,词与词之间的关系,文本
实体一级的知识以实体为中心，并定义实体之间的关系、描述实体的术语体系等。,实体,知识图谱,属性,定义,实体之间的关系,文本
3.知识抽取知识抽取按任务可以分为概念抽取、实体识别、关系抽取、事件抽取和规则抽取等。,知识图谱构建,知识图谱构建,,包含,知识抽取,知识抽取
4.知识抽取知识抽取按任务可以分为概念抽取、实体识别、关系抽取、事件抽取和规则抽取等。,知识抽取,知识抽取,,包含,概念抽取,知识抽取
5.知识抽取知识抽取按任务可以分为概念抽取、实体识别、关系抽取、事件抽取和规则抽取等。,知识抽取,知识抽取,,包含,实体识别,知识抽取
6.知识抽取知识抽取按任务可以分为概念抽取、实体识别、关系抽取、事件抽取和规则抽取等。,知识抽取,知识抽取,,包含,关系抽取,知识抽取
7.知识抽取知识抽取按任务可以分为概念抽取、实体识别、关系抽取、事件抽取和规则抽取等。,知识抽取,知识抽取,,包含,事件抽取,知识抽取
8.知识抽取知识抽取按任务可以分为概念抽取、实体识别、关系抽取、事件抽取和规则抽取等。,知识抽取,知识抽取,,包含,规则抽取,知识抽取
结构化和文本数据是目前最主要的知识来源。,知识抽取,知识抽取,,包含,从结构化数据库中获取知识,知识抽取
结构化和文本数据是目前最主要的知识来源。,知识抽取,知识抽取,,包含,从文本数据中获取知识,知识抽取
从结构化数据库中获取知识一般使用现有的D2R工具[32]，如Triplify、D2RServer、OpenLink、SparqlMap、Ontop等。,从结构化数据库中获取知识,知识抽取,,方法,D2R工具,知识抽取
从结构化数据库中获取知识一般使用现有的D2R工具[32]，如Triplify、D2RServer、OpenLink、SparqlMap、Ontop等。,D2R工具,知识抽取,,包含,Triplify,知识抽取
从结构化数据库中获取知识一般使用现有的D2R工具[32]，如Triplify、D2RServer、OpenLink、SparqlMap、Ontop等。,D2R工具,知识抽取,,包含,D2RServer,知识抽取
从结构化数据库中获取知识一般使用现有的D2R工具[32]，如Triplify、D2RServer、OpenLink、SparqlMap、Ontop等。,D2R工具,知识抽取,,包含,OpenLink,知识抽取
从结构化数据库中获取知识一般使用现有的D2R工具[32]，如Triplify、D2RServer、OpenLink、SparqlMap、Ontop等。,D2R工具,知识抽取,,包含,SparqlMap,知识抽取
从结构化数据库中获取知识一般使用现有的D2R工具[32]，如Triplify、D2RServer、OpenLink、SparqlMap、Ontop等。,D2R工具,知识抽取,,包含,Ontop,知识抽取
从文本中获取知识主要包括实体识别和关系抽取。,从文本中获取知识,知识抽取,,包含,实体识别,知识抽取
从文本中获取知识主要包括实体识别和关系抽取。,从文本中获取知识,知识抽取,,包含,关系抽取,知识抽取
"以关系抽取为例，典型的关系抽取方法可以分为基于特征模板的方法[33-35]、基于核函数的监督学习方法[36-44]、基于远程监督的方法[45,46]和基于深度学习的监督或远程监督方法，如简单CNN、MP-CNN、MWK-CNN、PCNN、PCNN+Att和MIMLCNN等[47-52]。",关系抽取,知识抽取,,包含,基于特征模板的方法,知识抽取
"以关系抽取为例，典型的关系抽取方法可以分为基于特征模板的方法[33-35]、基于核函数的监督学习方法[36-44]、基于远程监督的方法[45,46]和基于深度学习的监督或远程监督方法，如简单CNN、MP-CNN、MWK-CNN、PCNN、PCNN+Att和MIMLCNN等[47-52]。",关系抽取,知识抽取,,包含,基于核函数的监督学习方法,知识抽取
"以关系抽取为例，典型的关系抽取方法可以分为基于特征模板的方法[33-35]、基于核函数的监督学习方法[36-44]、基于远程监督的方法[45,46]和基于深度学习的监督或远程监督方法，如简单CNN、MP-CNN、MWK-CNN、PCNN、PCNN+Att和MIMLCNN等[47-52]。",关系抽取,知识抽取,,包含,基于远程监督的方法,知识抽取
"以关系抽取为例，典型的关系抽取方法可以分为基于特征模板的方法[33-35]、基于核函数的监督学习方法[36-44]、基于远程监督的方法[45,46]和基于深度学习的监督或远程监督方法，如简单CNN、MP-CNN、MWK-CNN、PCNN、PCNN+Att和MIMLCNN等[47-52]。",关系抽取,知识抽取,,包含,基于深度学习的监督或远程监督方法,知识抽取
远程监督的思想是，利用一个大型的语义数据库自动获取关系类型标签。,基于远程监督的方法,知识抽取,属性,被定义为,利用大型的语义数据库自动获取关系类型标签,文本
"另外，一些工作通过多任务学习等方法将实体和关系做联合抽取[46,53]。",从文本中获取知识,知识抽取,,方法,将实体和关系做联合抽取,文本
4.知识融合在构建知识图谱时，可以从第三方知识库产品或已有结构化数据中获取知识输入。,知识图谱构建,知识图谱,,包含,知识融合,知识融合
"数据层的融合是指实体和关系（包括属性）元组的融合，主要是实体匹配或者对齐，由于知识库中有些实体含义相同但是具有不同的标识符，因此需要对这些实体进行合并处理[55,56]。",知识融合,知识融合,,包含,数据层的融合,知识融合
"数据层的融合是指实体和关系（包括属性）元组的融合，主要是实体匹配或者对齐，由于知识库中有些实体含义相同但是具有不同的标识符，因此需要对这些实体进行合并处理[55,56]。",数据层的融合,知识融合,属性,被定义为,实体和关系（包括属性）元组的融合,文本
"数据层的融合是指实体和关系（包括属性）元组的融合，主要是实体匹配或者对齐，由于知识库中有些实体含义相同但是具有不同的标识符，因此需要对这些实体进行合并处理[55,57]。",数据层的融合,知识融合,,包含,实体匹配,知识融合
"数据层的融合是指实体和关系（包括属性）元组的融合，主要是实体匹配或者对齐，由于知识库中有些实体含义相同但是具有不同的标识符，因此需要对这些实体进行合并处理[55,58]。",数据层的融合,知识融合,,包含,实体对齐,知识融合
此外，还需要对新增实体和关系进行验证和评估，以确保知识图谱的内容一致性和准确性，通常采用的方法是在评估过程中为新加入的知识赋予可信度值，据此进行知识的过滤和融合。,数据层的融合,知识融合,,包含,对新增实体和关系进行验证和评估,知识融合
此外，还需要对新增实体和关系进行验证和评估，以确保知识图谱的内容一致性和准确性，通常采用的方法是在评估过程中为新加入的知识赋予可信度值，据此进行知识的过滤和融合。,对新增实体和关系进行验证和评估,知识融合,属性,方法,在评估过程中为新加入的知识赋予可信度值，据此进行知识的过滤和融合,文本
实体对齐的任务包括实体消歧和共指消解，即判断知识库中的同名实体是否代表不同的含义以及知识库中是否存在其他命名实体表示相同的含义。,实体对齐,知识融合,,包含,实体消歧,知识融合
实体对齐的任务包括实体消歧和共指消解，即判断知识库中的同名实体是否代表不同的含义以及知识库中是否存在其他命名实体表示相同的含义。,实体消歧,知识融合,属性,被定义为,判断知识库中的同名实体是否代表不同的含义,文本
实体对齐的任务包括实体消歧和共指消解，即判断知识库中的同名实体是否代表不同的含义以及知识库中是否存在其他命名实体表示相同的含义。,实体对齐,知识融合,,包含,共指消解,知识融合
实体对齐的任务包括实体消歧和共指消解，即判断知识库中的同名实体是否代表不同的含义以及知识库中是否存在其他命名实体表示相同的含义。,共指消解,知识融合,属性,被定义为,判断知识库中是否存在其他命名实体表示相同的含义,文本
"一些最新的工作利用知识图谱嵌入方法进行实体对齐，并引入人机协作方式提升实体对齐的质量[62,63]。",实体对齐,知识融合,,包含,知识图谱嵌入方法,知识融合
本体是针对特定领域中Schema定义、概念模型和公理定义而言的，目的是弥合词汇异构性和语义歧义的间隙，使沟通达成共识。,本体,知识图谱,,目标,弥合词汇异构性和语义歧义的间隙,文本
因此，本体对齐通常带来的是共识模式的演化和变化，本体对齐的主要问题之一也可以转化为怎样管理这种演化和变化[64]。,本体对齐,知识融合,,目标,管理共识模式的演化和变化,文本
常见的本体演化管理框架有KAON[65]、Conto-diff[66]、OntoView等。,本体演化管理框架,知识融合,,包含,KAON,知识图谱项目
常见的本体演化管理框架有KAON[65]、Conto-diff[66]、OntoView等。,本体演化管理框架,知识融合,,包含,Conto-diff,知识图谱项目
常见的本体演化管理框架有KAON[65]、Conto-diff[66]、OntoView等。,本体演化管理框架,知识融合,,包含,OntoView,知识图谱项目
5.知识图谱补全与推理常用的知识图谱补全方法包括：基于本体推理的补全方法，如基于描述逻辑的推理[67-69]，以及相关的推理机实现，如RDFox、Pellet、RACER、HermiT、TrOWL等。,知识图谱补全方法,知识推理,,包含,基于本体推理的补全方法,知识推理
5.知识图谱补全与推理常用的知识图谱补全方法包括：基于本体推理的补全方法，如基于描述逻辑的推理[67-69]，以及相关的推理机实现，如RDFox、Pellet、RACER、HermiT、TrOWL等。,本体推理的补全方法,知识推理,,包含,基于描述逻辑的推理,知识推理
5.知识图谱补全与推理常用的知识图谱补全方法包括：基于本体推理的补全方法，如基于描述逻辑的推理[67-70]，以及相关的推理机实现，如RDFox、Pellet、RACER、HermiT、TrOWL等。,本体推理的补全方法,知识推理,,包含,相关的推理机实现,知识推理
这类推理主要针对TBox，即概念层进行推理，也可以用来对实体级的关系进行补全。,基于本体推理的补全方法,知识推理,属性,特点,对概念层进行推理，对实体级的关系进行补全,文本
另外一类的知识补全算法实现基于图结构和关系路径特征的方法，如基于随机游走获取路径特征的PRA算法[70]、基于子图结构的SFE算法[71]、基于层次化随机游走模型的PRA算法[72]。,知识图谱补全方法,知识推理,,包含,基于图结构和关系路径特征的方法,知识推理
另外一类的知识补全算法实现基于图结构和关系路径特征的方法，如基于随机游走获取路径特征的PRA算法[70]、基于子图结构的SFE算法[71]、基于层次化随机游走模型的PRA算法[73]。,基于图结构和关系路径特征的方法,知识推理,,包含,基于随机游走获取路径特征的PRA算法[,知识推理
另外一类的知识补全算法实现基于图结构和关系路径特征的方法，如基于随机游走获取路径特征的PRA算法[70]、基于子图结构的SFE算法[71]、基于层次化随机游走模型的PRA算法[72]。,基于图结构和关系路径特征的方法,知识推理,,包含,基于子图结构的SFE算法,知识推理
另外一类的知识补全算法实现基于图结构和关系路径特征的方法，如基于随机游走获取路径特征的PRA算法[70]、基于子图结构的SFE算法[71]、基于层次化随机游走模型的PRA算法[72]。,基于图结构和关系路径特征的方法,知识推理,,包含,基于层次化随机游走模型的PRA算法,知识推理
这类算法的共同特点是通过两个实体节点之间的路径，以及节点周围图的结构提取特征，并通过随机游走等算法降低特征抽取的复杂度，然后叠加线性的学习模型进行关系的预测。,基于图结构和关系路径特征的方法,知识推理,属性,特点,通过两个实体节点之间的路径，以及节点周围图的结构提取特征，并通过随机游走等算法降低特征抽取的复杂度，然后叠加线性的学习模型进行关系的预测,文本
这类简单的嵌入模型一般只能实现单步的推理。,知识图谱补全方法,知识推理,,包含,基于表示学习和知识图谱嵌入的链接预测,知识推理
"对于更为复杂的模型，如向量空间中引入随机游走模型的方法，在同一个向量空间中将路径与实体和关系一起表示出来再进行补全的模型[81,82]。",基于表示学习和知识图谱嵌入的链接预测,知识推理,,包含,向量空间中引入随机游走模型的方法,知识推理
文本信息也被用来辅助实现知识图谱的补全[83-88]。,文本信息,知识推理,,实现,知识图谱的补全,知识推理
6.知识检索与知识分析基于知识图谱的知识检索的实现形式主要包括语义检索和智能问答。,知识图谱,知识图谱,,包含,语义检索,语义搜索
7.知识检索与知识分析基于知识图谱的知识检索的实现形式主要包括语义检索和智能问答。,知识图谱,知识图谱,,包含,知识问答,知识问答
传统搜索引擎依靠网页之间的超链接实现网页的搜索，而语义搜索直接对事物进行搜索，如人物、机构、地点等。,语义搜索,语义搜索,,被定义为,直接对事物进行搜索,文本
知识图谱的主要数据模型有RDF图（RDF_graph）和属性图（Property_Graph）两种；知识图谱查询语言可分为声明式（Declarative）和导航式（Navigational）两类。,知识图谱数据类型,知识存储,,包含,RDF图,知识存储
知识图谱的主要数据模型有RDF图（RDF_graph）和属性图（Property_Graph）两种；知识图谱查询语言可分为声明式（Declarative）和导航式（Navigational）两类。,知识图谱数据类型,知识存储,,包含,属性图,知识存储
知识图谱的主要数据模型有RDF图（RDF_graph）和属性图（Property_Graph）两种；知识图谱查询语言可分为声明式（Declarative）和导航式（Navigational）两类。,知识图谱查询语言,知识存储,,包含,声明式查询语言,知识存储
知识图谱的主要数据模型有RDF图（RDF_graph）和属性图（Property_Graph）两种；知识图谱查询语言可分为声明式（Declarative）和导航式（Navigational）两类。,知识图谱查询语言,知识存储,,包含,导航式查询语言,知识存储
RDF三元组库主要是由Semantic_Web领域推动开发的数据库管理系统，其数据模型RDF图和查询语言SPARQL均遵守W3C标准。,RDF三元组库,知识存储,,属于,数据库管理系统,知识存储
RDF三元组库主要是由Semantic_Web领域推动开发的数据库管理系统，其数据模型RDF图和查询语言SPARQL均遵守W3C标准。,RDF三元组库数据模型,知识存储,,等价,RDF图,知识存储
RDF三元组库主要是由Semantic_Web领域推动开发的数据库管理系统，其数据模型RDF图和查询语言SPARQL均遵守W3C标准。,RDF三元组库查询语言,知识存储,,等价,SPARQL,知识存储
查询语言SPARQL从语法上借鉴了SQL语言，属于声明式查询语言。,SPARQL,知识存储,,属于,声明式查询语言,知识存储
Cypher是开源图数据库Neo4j中实现的图查询语言。,Cypher,知识存储,,属于,图查询语言,知识存储
PGQL是Oracle公司开发的图查询语言。,PGQL,知识存储,属性,创建者,Oracle,人物/实验室
PGQL是Oracle公司开发的图查询语言。,PGQL,知识存储,,属于,图查询语言,知识存储
G-Core是由LDBC（Linked_Data_Benchmarks_Council）组织设计的图查询语言。,G-Core,知识存储,属性,创建者,LDBC,知识存储
G-Core是由LDBC（Linked_Data_Benchmarks_Council）组织设计的图查询语言。,G-Core,知识存储,,属于,图查询语言,知识存储
目前，基于三元组库和图数据库能够提供的知识图谱数据存储方案可分为三类：（1）基于关系的存储方案。,存储方案,知识存储,,包含,基于关系的存储方案,知识存储
包括三元组表、水平表、属性表、垂直划分、六重索引和DB2RDF等。,基于关系的存储方案,知识存储,,包含,三元组表,知识存储
包括三元组表、水平表、属性表、垂直划分、六重索引和DB2RDF等。,基于关系的存储方案,知识存储,,包含,水平表,知识存储
包括三元组表、水平表、属性表、垂直划分、六重索引和DB2RDF等。,基于关系的存储方案,知识存储,,包含,属性表,知识存储
包括三元组表、水平表、属性表、垂直划分、六重索引和DB2RDF等。,基于关系的存储方案,知识存储,,包含,垂直划分,知识存储
包括三元组表、水平表、属性表、垂直划分、六重索引和DB2RDF等。,基于关系的存储方案,知识存储,,包含,六重索引,知识存储
包括三元组表、水平表、属性表、垂直划分、六重索引和DB2RDF等。,基于关系的存储方案,知识存储,,包含,DB2RDF,知识存储
三元组表是将知识图谱中的每条三元组存储为一行具有三列的记录（主语，谓语，宾语）。,三元组表,知识存储,属性,被定义为,将知识图谱中的每条三元组存储为一行具有三列的记录（主语，谓语，宾语）。,文本
三元组表存储方案虽然简单明了，但三元组表的行数与知识图谱的边数一样，其问题是将知识图谱查询翻译为SQL后会产生大量三元组表的自连接操作，影响效率。,三元组表,知识存储,属性,特点,简单明了,文本
三元组表存储方案虽然简单明了，但三元组表的行数与知识图谱的边数一样，其问题是将知识图谱查询翻译为SQL后会产生大量三元组表的自连接操作，影响效率。,三元组表,知识存储,属性,缺点,将知识图谱查询翻译为SQL后会产生大量三元组表的自连接操作,文本
水平表存储方案的每行记录存储知识图谱中一个主语的所有谓语和宾语，相当于知识图谱的邻接表。,水平表,知识存储,属性,被定义为,每行记录存储知识图谱中一个主语的所有谓语和宾语,文本
但其缺点在于所需列数目过多，表中产生大量空值，无法存储多值宾语等。,水平表,知识存储,属性,缺点,所需列数目过多，表中产生大量空值，无法存储多值宾语等,文本
属性表存储方案将同一类主语分配到一个表中，是对水平表存储方案的细化。,属性表,知识存储,属性,被定义为,将同一类主语分配到一个表中,文本
属性表解决了三元组表的自连接问题和水平表的列数目过多问题。,属性表,知识存储,属性,特点,解决了三元组表的自连接问题和水平表的列数目过多问题,文本
但对于真实大规模知识图谱，属性表的问题包括：所需属性表过多，复杂查询的多表连接效率，空值问题和多值宾语问题。,属性表,知识存储,属性,缺点,所需属性表过多，复杂查询的多表连接效率，空值问题和多值宾语问题,文本
垂直划分存储方案为知识图谱中的每种谓语建立一张两列的表（主语，宾语），表中存放由该谓语连接的主语和宾语，支持“主语-主语”作为连接条件的查询操作的快速执行。,垂直划分,知识存储,属性,被定义为,每种谓语建立一张两列的表（主语，宾语）,文本
垂直划分有效解决了空值问题和多值宾语问题；但其仍有缺点，包括：大规模知识图谱的谓语表数目过多、复杂查询表连接过多、更新维护代价大等。,垂直划分,知识存储,属性,特点,有效解决空值问题和多值宾语问题,文本
垂直划分有效解决了空值问题和多值宾语问题；但其仍有缺点，包括：大规模知识图谱的谓语表数目过多、复杂查询表连接过多、更新维护代价大等。,垂直划分,知识存储,属性,缺点,大规模知识图谱的谓语表数目过多、复杂查询表连接过多、更新维护代价大等,文本
六重索引存储方案是将三元组全部6种排列对应地建立为6张表。,六重索引,知识存储,属性,被定义为,将三元组全部6种排列对应地建立为6张表,文本
六重索引通过“空间交换时间”策略有效缓解了三元组表的自连接问题，但需要更多的存储空间开销和索引更新维护代价。,六重索引,知识存储,属性,特点,缓解三元组表的自连接问题,文本
六重索引通过“空间交换时间”策略有效缓解了三元组表的自连接问题，但需要更多的存储空间开销和索引更新维护代价。,六重索引,知识存储,属性,缺点,需要更多的存储空间开销和索引更新维护代价,文本
三元组表的灵活性体现在“行维度”上，无论多少行三元组数据，表模式只有3列固定不变；DB2RDF方案将这种灵活性推广到了“列维度”，列名称不再和谓语绑定，将同一主语的所有谓语和宾语动态分配到某列。,DB2RDF,知识存储,属性,被定义为,列名称不再和谓语绑定，将同一主语的所有谓语和宾语动态分配到某列,文本
（2）面向RDF的三元组库。,存储方案,知识存储,,包含,面向RDF的三元组库,知识存储
主要的RDF三元组库包括：商业系统Virtuoso、AllegroGraph、GraphDB和BlazeGraph，开源系统Jena、RDF-3X和gStore[96]。,Virtuoso,知识图谱项目,,属于,面向RDF的三元组库,知识存储
主要的RDF三元组库包括：商业系统Virtuoso、AllegroGraph、GraphDB和BlazeGraph，开源系统Jena、RDF-3X和gStore[96]。,AllegroGraph,知识图谱项目,,属于,面向RDF的三元组库,知识存储
主要的RDF三元组库包括：商业系统Virtuoso、AllegroGraph、GraphDB和BlazeGraph，开源系统Jena、RDF-3X和gStore[96]。,GraphDB,知识图谱项目,,属于,面向RDF的三元组库,知识存储
主要的RDF三元组库包括：商业系统Virtuoso、AllegroGraph、GraphDB和BlazeGraph，开源系统Jena、RDF-3X和gStore[96]。,BlazeGraph,知识图谱项目,,属于,面向RDF的三元组库,知识存储
主要的RDF三元组库包括：商业系统Virtuoso、AllegroGraph、GraphDB和BlazeGraph，开源系统Jena、RDF-3X和gStore[96]。,Jena,知识图谱项目,,属于,面向RDF的三元组库,知识存储
主要的RDF三元组库包括：商业系统Virtuoso、AllegroGraph、GraphDB和BlazeGraph，开源系统Jena、RDF-3X和gStore[96]。,RDF-3X,知识图谱项目,,属于,面向RDF的三元组库,知识存储
主要的RDF三元组库包括：商业系统Virtuoso、AllegroGraph、GraphDB和BlazeGraph，开源系统Jena、RDF-3X和gStore[96]。,gStore,知识图谱项目,,属于,面向RDF的三元组库,知识存储
RDF4J目前是Eclipse基金会旗下的开源孵化项目，其功能包括RDF数据的解析、存储、推理和查询等。,RDF4J,知识图谱项目,属性,创建者,Eclipse,人物/实验室
RDF4J框架的主要特点是其模块化的软件架构设计。,RDF4J,知识图谱项目,属性,特点,模块化的软件架构设计,文本
RDF-3X是德国马克斯·普朗克计算机科学研究所开发的三元组数据库，其特点是为RDF优化设计的物理存储方案和查询处理方法，是实现六重索引的典型系统。,RDF-3X,知识图谱项目,,属于,面向RDF的三元组库,知识存储
RDF-4X是德国马克斯·普朗克计算机科学研究所开发的三元组数据库，其特点是为RDF优化设计的物理存储方案和查询处理方法，是实现六重索引的典型系统。,RDF-3X,知识图谱项目,属性,创建者,马克斯·普朗克计算机科学研究所,人物/实验室
RDF-4X是德国马克斯·普朗克计算机科学研究所开发的三元组数据库，其特点是为RDF优化设计的物理存储方案和查询处理方法，是实现六重索引的典型系统。,RDF-3X,知识图谱项目,属性,特点,为RDF优化设计的物理存储方案和查询处理方法,文本
gStore是由北京大学、加拿大滑铁卢大学和香港科技大学联合研究项目开发的基于图RDF三元组数据库。,gStore,知识图谱项目,属性,创建者,北京大学、加拿大滑铁卢大学和香港科技大学联合研究项目,人物/实验室
gStore是由北京大学、加拿大滑铁卢大学和香港科技大学联合研究项目开发的基于图RDF三元组数据库。,gStore,知识图谱项目,,属于,基于图RDF三元组数据库,知识存储
gStore的底层存储使用RDF图对应的标签图（Signature_Graph）并建立“VS树”索引结构以加速查找。,gStore,知识图谱项目,属性,方法,使用RDF图对应的标签图并建立“VS树”索引结构以加速查找,文本
Virtuoso是由OpenLink公司开发的商业混合数据库产品，支持关系数据、对象-关系数据、RDF数据、XML数据和文本数据的统一管理。,Virtuoso,知识图谱项目,,属于,基于图RDF三元组数据库,知识存储
Virtuoso是由OpenLink公司开发的商业混合数据库产品，支持关系数据、对象-关系数据、RDF数据、XML数据和文本数据的统一管理。,Virtuoso,知识图谱项目,属性,创建者,OpenLink,人物/实验室
Virtuoso是由OpenLink公司开发的商业混合数据库产品，支持关系数据、对象-关系数据、RDF数据、XML数据和文本数据的统一管理。,Virtuoso,知识图谱项目,属性,特点,支持关系数据、对象-关系数据、RDF数据、XML数据和文本数据的统一管理,文本
AllegroGraph是美国Franz公司开发的RDF三元组数据库。,AllegroGraph,知识图谱项目,,属于,基于图RDF三元组数据库,知识存储
AllegroGraph是美国Franz公司开发的RDF三元组数据库。,AllegroGraph,知识图谱项目,属性,创建者,Franz公司,人物/实验室
AllegroGraph除了三元组数据库的基本功能，还支持动态物化的RDFS++推理机、OWL2_RL推理机、Prolog规则推理系统、时空推理机制、社会网络分析库、可视化RDF图浏览器等。,AllegroGraph,知识图谱项目,属性,特点,支持三元组数据库的基本功能、动态物化的RDFS++推理机、OWL2_RL推理机、Prolog规则推理系统、时空推理机制、社会网络分析库、可视化RDF图浏览器等,文本
GraphDB是由保加利亚的Ontotext软件公司开发的RDF三元组数据库。,GraphDB,知识图谱项目,,属于,基于图RDF三元组数据库,知识存储
GraphDB是由保加利亚的Ontotext软件公司开发的RDF三元组数据库。,GraphDB,知识图谱项目,属性,创建者,Ontotext,人物/实验室
GraphDB的特色是良好支持RDF推理功能，其使用内置的基于规则的“前向链”（Forward-Chaining）推理机，由显式知识经过推理得到导出知识，对这些导出知识进行优化存储；导出知识会在知识库更新后相应地同步更新。,GraphDB,知识图谱项目,属性,特点,良好支持RDF推理功能,文本
Blazegraph是一个基于RDF三元组库的图数据库管理系统，在用户接口层同时支持RDF三元组和属性图模型，既实现了SPARQL语言，也实现了Blueprints标准及Gremlin语言。,Blazegraph,知识图谱项目,,属于,基于图RDF三元组数据库,知识存储
通过分布式动态分片B+树和服务总线技术，Blazegraph支持真正意义上的集群分布式存储和查询处理。,Blazegraph,知识图谱项目,属性,特点,支持真正意义上的集群分布式存储和查询处理,文本
Stardog是由美国Stardog_Union公司开发的RDF三元组数据库，支持RDF图数据模型、SPARQL查询语言、属性图模型、Gremlin图遍历语言、OWL2标准、用户自定义的推理与数据分析规则、虚拟图、地理空间查询以及多用编程语言与网络接口支持。,Stardog,知识图谱项目,,属于,基于图RDF三元组数据库,知识存储
Stardog是由美国Stardog_Union公司开发的RDF三元组数据库，支持RDF图数据模型、SPARQL查询语言、属性图模型、Gremlin图遍历语言、OWL2标准、用户自定义的推理与数据分析规则、虚拟图、地理空间查询以及多用编程语言与网络接口支持。,Stardog,知识图谱项目,属性,创建者,Stardog_Union,人物/实验室
（3）原生图数据库。,存储方案,知识存储,,包含,面向RDF的三元组库,知识存储
Neo4j是用Java实现的开源图数据库。,Neo4j,知识图谱项目,,属于,图数据库,知识存储
JanusGraph是在原有Titan系统基础上继续开发的开源分布式图数据库，目前是Linux基金会旗下的一个开源项目。,JanusGraph,知识图谱项目,,属于,图数据库,知识存储
JanusGraph的主要缺点是分布式查询功能仅限于基于Cassandra或HBase提供的分布式读写实现的简单导航查询，对于很多稍复杂的查询类型，目前还不支持真正意义上的分布式查询处理，例如子图匹配查询、正则路径查询等。,JanusGraph,知识图谱项目,属性,缺点,不支持真正意义上的分布式查询处理,文本
Cayley是由谷歌公司工程师开发的一款轻量级开源图数据库，于2014年5月在GitHub上发布。,Cayley,知识图谱项目,属性,创建者,谷歌公司,人物/实验室
Cayley是由谷歌公司工程师开发的一款轻量级开源图数据库，于2014年6月在GitHub上发布。,Cayley,知识图谱项目,,属于,图数据库,知识存储
"1.6.2知识图谱与智能问答基于知识图谱的问答（Knowledge-based_Question_Answering,KBQA，下称“知识问答”）是智能问答系统的核心功能，是一种人机交互的自然方式。",知识问答,知识问答,,属于,知识图谱,知识图谱
知识问答依托一个大型知识库（知识图谱、结构化数据库等），将用户的自然语言问题转化成结构化查询语句（如SPARQL、SQL等），直接从知识库中导出用户所需的答案。,知识问答,知识问答,,依靠,知识库,知识问答
事实型问题按问题类型可分为单知识点问题（Single-hop_Questions）和多知识点问题（Multi-hop_Questions）；按问题的领域可分为垂直领域问题和通用领域问题。,事实型问题,知识问答,,包含,单知识点问题,知识问答
事实型问题按问题类型可分为单知识点问题（Single-hop_Questions）和多知识点问题（Multi-hop_Questions）；按问题的领域可分为垂直领域问题和通用领域问题。,事实型问题,知识问答,,包含,多知识点问题,知识问答
事实型问题按问题类型可分为单知识点问题（Single-hop_Questions）和多知识点问题（Multi-hop_Questions）；按问题的领域可分为垂直领域问题和通用领域问题。,单知识点问题,知识问答,属性,英文名,Single-hop_Questions,文本
事实型问题按问题类型可分为单知识点问题（Single-hop_Questions）和多知识点问题（Multi-hop_Questions）；按问题的领域可分为垂直领域问题和通用领域问题。,多知识点问题,知识问答,属性,英文名,Multi-hop_Questions,文本
事实型问题按问题类型可分为单知识点问题（Single-hop_Questions）和多知识点问题（Multi-hop_Questions）；按问题的领域可分为垂直领域问题和通用领域问题。,事实型问题,知识问答,,包含,垂直领域问题,知识问答
事实型问题按问题类型可分为单知识点问题（Single-hop_Questions）和多知识点问题（Multi-hop_Questions）；按问题的领域可分为垂直领域问题和通用领域问题。,事实型问题,知识问答,,包含,通用领域问题,知识问答
相对于通用领域或开放领域，垂直领域下的知识图谱规模更小、精度更高，知识问答的质量更容易提升。,垂直领域问题,知识问答,属性,特点,规模更小、精度更高，知识问答的质量高,文本
知识问答技术的成熟与落地不仅能提高人们检索信息的精度和效率，还能提升用户的产品体验。,知识问答技术,知识问答,属性,作用,提高人们检索信息的精度和效率，还能提升用户的产品体验,文本
这涉及自然语言处理、信息检索和推理（Reasoning）等多个领域的不同技术。,知识问答技术,知识问答,,包含,自然语言处理,知识问答
这涉及自然语言处理、信息检索和推理（Reasoning）等多个领域的不同技术。,知识问答技术,知识问答,,包含,信息检索和推理,知识问答
相关研究工作在近五年来受到越来越多国内外学者的关注，研究方法主要可分为三大类：基于语义解析（Semantic_Parsing）的方法、基于信息检索（Information_Retrieval）的方法和基于概率模型（Probabilistic_Models）的方法。,知识问答方法,知识问答,,包含,基于语义解析的方法,知识问答
相关研究工作在近五年来受到越来越多国内外学者的关注，研究方法主要可分为三大类：基于语义解析（Semantic_Parsing）的方法、基于信息检索（Information_Retrieval）的方法和基于概率模型（Probabilistic_Models）的方法。,知识问答方法,知识问答,,包含,基于信息检索的方法,知识问答
相关研究工作在近五年来受到越来越多国内外学者的关注，研究方法主要可分为三大类：基于语义解析（Semantic_Parsing）的方法、基于信息检索（Information_Retrieval）的方法和基于概率模型（Probabilistic_Models）的方法。,知识问答方法,知识问答,,包含,基于概率模型的方法,知识问答
大部分先进的知识问答方法是基于语义解析的，目的是将自然语言问句解析成结构化查询语句，进而在知识库上执行查询得到答案。,基于语义解析的方法,知识问答,属性,目标,将自然语言问句解析成结构化查询语句，进而在知识库上执行查询得到答案,文本
在基于语义解析的方法训练过程中，问答模型隐式地学习了标注数据中蕴涵的语法解析规律。这使得模型能具有更好的可解释性。,基于语义解析的方法,知识问答,属性,特点,学习了标注数据中蕴涵的语法解析规律，使得模型能具有更好的可解释性,文本
但是，数据标注需要花费大量的人力和财力，是不切实际的。,基于语义解析的方法,知识问答,属性,缺点,需要花费大量的人力和财力,文本
基于信息检索的知识问答大致可分为两步：①通过粗粒度信息检索，在知识库中直接筛选出候选答案；②根据问句中抽取出的特征，对候选答案进行排序。,基于信息检索的方法,知识问答,属性,内容,通过粗粒度信息检索，在知识库中直接筛选出候选答案，根据问句中抽取出的特征，对候选答案进行排序,文本
1.6.3知识图谱与机器推理推理是指基于已知的事实或知识推断得出未知的事实或知识的过程。,知识推理,知识推理,,属于,知识图谱,知识图谱
1.6.3知识图谱与机器推理推理是指基于已知的事实或知识推断得出未知的事实或知识的过程。,知识推理,知识推理,属性,被定义为,基于已知的事实或知识推断得出未知的事实或知识的过程。,文本
典型的推理包括演绎推理（Deductive_Reasoning）、溯因推理（Inductive_Reasoning）、归纳推理（Abductive_Reasoning）、类比推理（Analogical_Reasoning）等。,知识推理,知识推理,,包含,演绎推理,知识推理
典型的推理包括演绎推理（Deductive_Reasoning）、溯因推理（Inductive_Reasoning）、归纳推理（Abductive_Reasoning）、类比推理（Analogical_Reasoning）等。,知识推理,知识推理,,包含,溯因推理,知识推理
典型的推理包括演绎推理（Deductive_Reasoning）、溯因推理（Inductive_Reasoning）、归纳推理（Abductive_Reasoning）、类比推理（Analogical_Reasoning）等。,知识推理,知识推理,,包含,归纳推理,知识推理
典型的推理包括演绎推理（Deductive_Reasoning）、溯因推理（Inductive_Reasoning）、归纳推理（Abductive_Reasoning）、类比推理（Analogical_Reasoning）等。,知识推理,知识推理,,包含,类比推理,知识推理
典型的推理包括演绎推理（Deductive_Reasoning）、溯因推理（Inductive_Reasoning）、归纳推理（Abductive_Reasoning）、类比推理（Analogical_Reasoning）等。,演绎推理,知识推理,属性,英文名,Deductive_Reasoning,文本
典型的推理包括演绎推理（Deductive_Reasoning）、溯因推理（Inductive_Reasoning）、归纳推理（Abductive_Reasoning）、类比推理（Analogical_Reasoning）等。,溯因推理,知识推理,属性,英文名,Inductive_Reasoning,文本
典型的推理包括演绎推理（Deductive_Reasoning）、溯因推理（Inductive_Reasoning）、归纳推理（Abductive_Reasoning）、类比推理（Analogical_Reasoning）等。,归纳推理,知识推理,属性,英文名,Abductive_Reasoning,文本
典型的推理包括演绎推理（Deductive_Reasoning）、溯因推理（Inductive_Reasoning）、归纳推理（Abductive_Reasoning）、类比推理（Analogical_Reasoning）等。,类比推理,知识推理,属性,英文名,Analogical_Reasoning,文本
"在知识图谱中，推理主要用于对知识图谱进行补全（Knowledge_Base_Completion,KBC）和知识图谱质量的校验。",知识推理,知识推理,属性,作用,补全知识图谱，校验知识图谱质量,文本
知识图谱中的知识可分为概念层和实体层。,知识图谱,知识图谱,,包含,概念层,知识图谱
知识图谱中的知识可分为概念层和实体层。,知识图谱,知识图谱,,包含,实体层,知识图谱
知识图谱推理的任务是根据知识图谱中已有的知识推理出新的知识或识别出错误的知识。,知识推理,知识图谱,,作用,根据知识图谱中已有的知识推理出新的知识或识别出错误的知识,文本
其中，概念层的推理主要包括概念之间的包含关系推理，实体层的推理主要包括链接预测与冲突检测，实体层与概念层之间的推理主要包括实例检测。,概念层推理,知识推理,,包含,概念之间的包含关系推理,知识推理
其中，概念层的推理主要包括概念之间的包含关系推理，实体层的推理主要包括链接预测与冲突检测，实体层与概念层之间的推理主要包括实例检测。,实体层推理,知识推理,,包含,链接预测与冲突检测,知识推理
其中，概念层的推理主要包括概念之间的包含关系推理，实体层的推理主要包括链接预测与冲突检测，实体层与概念层之间的推理主要包括实例检测。,实体层推理,知识推理,,包含,实体层与概念层之间的推理,知识推理
其中，概念层的推理主要包括概念之间的包含关系推理，实体层的推理主要包括链接预测与冲突检测，实体层与概念层之间的推理主要包括实例检测。,实体层与概念层之间的推理,知识推理,,包含,实例检测,知识推理
推理的方法主要包含基于规则的推理、基于分布式表示学习的推理、基于神经网络的推理以及混合推理。,知识推理方法,知识推理,,包含,基于规则的推理,知识推理
推理的方法主要包含基于规则的推理、基于分布式表示学习的推理、基于神经网络的推理以及混合推理。,知识推理方法,知识推理,,包含,基于分布式表示学习的推理,知识推理
推理的方法主要包含基于规则的推理、基于分布式表示学习的推理、基于神经网络的推理以及混合推理。,知识推理方法,知识推理,,包含,基于神经网络的推理,知识推理
推理的方法主要包含基于规则的推理、基于分布式表示学习的推理、基于神经网络的推理以及混合推理。,知识推理方法,知识推理,,包含,混合推理,知识推理
1.基于规则的推理基于规则的推理通过定义或学习知识中存在的规则进行推理。,基于规则的推理方法,知识推理,属性,被定义为,基于定义或学习知识中存在的规则进行推理,文本
根据规则的真值类型，可分为硬逻辑规则和软逻辑规则。,规则的真值类型,知识推理,,包含,硬逻辑规则,知识推理
根据规则的真值类型，可分为硬逻辑规则和软逻辑规则。,规则的真值类型,知识推理,,包含,软逻辑规则,知识推理
硬逻辑规则中的每条规则的真值都为1，即绝对正确，人工编写的规则多为硬逻辑规则。,硬逻辑规则,知识推理,属性,被定义为,每条规则的真值都为1,文本
软逻辑规则即每条规则的真值为区间在0到1之间的概率，规则挖掘系统的结果多为软逻辑规则，其学习过程一般是基于规则中结论与条件的共现特征，典型方法有AMIE[110]等。,软逻辑规则,知识推理,属性,被定义为,每条规则的真值为区间在0到1之间的概率,文本
基于规则的推理方法最主要的优点是在通常情况下规则比较接近人思考问题时的推理过程，其推理结论可解释，所以对人比较友好。,基于规则的推理方法,知识推理,属性,特点,推理结论可解释，对人比较友好,文本
2.基于分布式表示学习的推理分布式表示学习的核心是将知识图谱映射到连续的向量空间中，并为知识图谱中的元素学习分布式表示为低维稠密的向量或矩阵。,基于分布式表示学习的推理,知识推理,属性,被定义为,将知识图谱映射到连续的向量空间中，并为知识图谱中的元素学习分布式表示为低维稠密的向量或矩阵,文本
分布式表示学习通过各元素的分布式表示之间的计算完成隐式的推理。,基于分布式表示学习的推理,知识推理,属性,方法,各元素的分布式表示之间的计算完成隐式的推理,文本
3.基于神经网络的推理基于神经网络的推理通过神经网络的设计模拟知识图谱推理，其中NTN[117]用一个双线性张量层判断头实体和尾实体的关系，ConvE[118]等在实体和关系的表示向量排布出的二维矩阵上采用卷机神经网络进行链接预测，R-GCN[119]通过图卷积网络捕捉实体的相邻实体信息，IRN[120]采用记忆矩阵以及以递归神经网络为结构的控制单元模拟多步推理的过程。,基于神经网络的推理,知识推理,属性,被定义为,通过神经网络的设计模拟知识图谱推理,文本
网络结构的设计多样，能够满足不同的推理需求。,基于神经网络的推理,知识推理,属性,特点,设计多样能够满足不同的推理需求,文本
4.混合推理混合推理一般结合了规则、表示学习和神经网络。,混合推理,知识推理,属性,被定义为,"知识推理	属性	被定义为",文本
例如，NeuralLP[121]是一种可微的知识图谱推理方法，融合了关系的表示学习、规则学习以及循环神经网络，由LSTM生成多步推理中的隐变量，并通过隐变量生成在多步推理过程中对每种关系的注意力。,NeuralLP,知识图谱项目,,属于,知识推理方法,知识推理
例如，NeuralLP[121]是一种可微的知识图谱推理方法，融合了关系的表示学习、规则学习以及循环神经网络，由LSTM生成多步推理中的隐变量，并通过隐变量生成在多步推理过程中对每种关系的注意力。,NeuralLP,知识图谱项目,属性,特点,融合了关系的表示学习、规则学习以及循环神经网络,文本
DeepPath[122]和MINERVA[123]用强化学习方法学习知识图谱多步推理过程中的路径选择策略。,DeepPath,知识图谱项目,,属于,知识推理方法,知识推理
DeepPath[122]和MINERVA[124]用强化学习方法学习知识图谱多步推理过程中的路径选择策略。,DeepPath,知识图谱项目,属性,特点,强化学习方法学习知识图谱多步推理过程,文本
DeepPath[122]和MINERVA[125]用强化学习方法学习知识图谱多步推理过程中的路径选择策略。,MINERVA,知识图谱项目,,属于,知识推理方法,知识推理
DeepPath[122]和MINERVA[126]用强化学习方法学习知识图谱多步推理过程中的路径选择策略。,MINERVA,知识图谱项目,属性,特点,强化学习方法学习知识图谱多步推理过程,文本
RUGE[124]将已有的推理规则输入知识图谱表示学习过程中，约束和影响表示学习结果并取得更好的推理效果。,RUGE,知识图谱项目,,属于,知识推理方法,知识推理
RUGE[124]将已有的推理规则输入知识图谱表示学习过程中，约束和影响表示学习结果并取得更好的推理效果。,RUGE,知识图谱项目,属性,特点,将已有的推理规则输入知识图谱表示学习过程中，约束和影响表示学习结果并取得更好的推理效果,文本
混合推理能够结合规则推理、表示学习推理以及神经网络推理的能力并实现优势互补，能够同时提升推理结果的精确性和可解释性。,混合推理,知识推理,属性,特点,结合规则推理、表示学习推理以及神经网络推理的能力并实现优势互补，能够同时提升推理结果的精确性和可解释性,文本
基于规则的知识图谱推理研究主要分为两部分：一是自动规则挖掘系统，二是基于规则的推理系统。,基于规则的知识图谱推理研究,知识推理,属性,内容,自动规则挖掘系统，基于规则的推理系统,文本
基于表示学习的知识图谱推理研究的主要研究趋势是，一方面提高表示学习结果对知识图谱中含有的语义信息的捕捉能力，目前的研究多集中在链接预测任务上，其他推理任务有待跟进研究；另一方面是利用分布式表示作为桥梁，将知识图谱与文本、图像等异质信息结合，实现信息互补以及更多样化的综合推理。,基于表示学习的知识图谱推理研究,知识推理,属性,内容,一方面提高表示学习结果对知识图谱中含有的语义信息的捕捉能力，目前的研究多集中在链接预测任务上，其他推理任务有待跟进研究；另一方面是利用分布式表示作为桥梁，将知识图谱与文本、图像等异质信息结合，实现信息互补以及更多样化的综合推理,文本
基于神经网络的知识表示推理的主要发展趋势是设计更加有效和有意义的神经网络结构，来实现更加高效且精确的推理，通过对神经网络中间结果的解析实现对推理结果的部分解释是比较值得关注的方向。,基于神经网络的知识表示推理的趋势,知识推理,属性,内容,设计更加有效和有意义的神经网络结构，来实现更加高效且精确的推理，通过对神经网络中间结果的解析实现对推理结果的部分解释,文本
input,subject,subject_type,data/object,relation,object,object_type
,知识图谱,知识图谱,,包含,知识图谱构建,知识图谱构建
,知识图谱,知识图谱,,包含,知识图谱应用,知识图谱应用
,知识图谱,知识图谱,,包含,知识,知识图谱
,知识图谱构建,知识图谱,,包含,知识表示,知识表示
,知识表示,知识表示,,包含,早期的专家系统知识表示方法,知识表示
,知识图谱应用,知识图谱应用,,包含,知识问答,知识图谱应用
,知识问答,知识图谱应用,,包含,基于知识图谱的问答技术或方法,知识图谱应用
,ConceptNet,知识图谱项目,,属于,早期的知识库项目,知识图谱项目
,知识库,知识图谱项目,,包含,知识库构建方法,知识图谱项目
,互联网时代的知识图谱,知识图谱项目,,包含,互联网时代的知识图谱构建方法,知识图谱项目
,Schema.org,知识图谱项目,,属于,互联网时代的知识图谱,知识图谱项目
,OpenKG.CN,知识图谱项目,,属于,大量开放的中文知识图谱数据、工具及文献,知识图谱项目
,知识融合,知识融合,,包含,模式层融合,知识融合
第3章知识存储王鑫天津大学随着知识图谱规模的日益增长，数据管理愈加重要。,知识存储,知识存储,,实现,知识图谱数据管理,知识图谱
一方面，以文件形式保存的知识图谱显然无法满足用户的查询、检索、推理、分析及各种应用需求；另一方面，传统数据库的关系模型与知识图谱的图模型之间存在显著差异，关系数据库无法有效地管理大规模知识图谱数据。,知识图谱,知识图谱,,包含,数据库,知识图谱
为了更好地进行三元组数据的存储，语义万维网领域发展出专门存储RDF数据的三元组库；数据库领域发展出用于管理属性图的图数据库。,三元组数据库,知识存储,属性,作用,存储RDF数据,文本
为了更好地进行三元组数据的存储，语义万维网领域发展出专门存储RDF数据的三元组库；数据库领域发展出用于管理属性图的图数据库。,三元组库,知识存储,属性,英文名,triplestore,文本
为了更好地进行三元组数据的存储，语义万维网领域发展出专门存储RDF数据的三元组库；数据库领域发展出用于管理属性图的图数据库。,图数据库,知识存储,属性,英文名,graph database,文本
3.1知识图谱数据库基本知识本节首先介绍目前表示知识图谱的两种主要图数据模型：RDF图和属性图。,知识图谱数据库,知识存储,属性,作用,目前表示知识图谱的两种主要图数据模型,文本
3.1.1知识图谱数据模型从数据模型角度来看，知识图谱本质上是一种图数据。,知识图谱,知识图谱,,属于,图数据,知识图谱
不同领域的知识图谱均须遵循相应的数据模型。,知识图谱,知识图谱,,包含,数据模型,知识图谱
往往一个数据模型的生命力要看其数学基础的强弱，关系模型长盛不衰的一个重要原因是其数学基础为关系代数。,关系模型,知识图谱,,由组成,关系代数,知识图谱
知识图谱数据模型的数学基础源于有着近300年历史的数学分支——图论。,数据模型,知识图谱,,源于,图论,知识图谱
"在图论中，图是二元组G=（V,E），其中V是节点集合，E是边集合。",图,知识存储,属性,被定义为,"二元组G=（V,E）",文本
"在图论中，图是二元组G=（V,E），其中V是节点集合，E是边集合。",图,知识存储,属性,英文名,graph,文本
知识图谱数据模型基于图论中图的定义，用节点集合表示实体，用边集合表示实体间的联系，这种一般和通用的数据表示恰好能够自然地刻画现实世界中事物的广泛联系。,数据模型,知识图谱,,来源,图的定义,知识图谱
1.RDF图RDF是W3C制定的在语义万维网上表示和交换机器可理解信息的标准数据模型[1]。,RDF,知识表示,属性,被定义为,W3C制定的在语义万维网上表示和交换机器可理解信息的标准数据模型,文本
"在RDF三元组集合中，每个Web资源具有一个HTTPURI作为其唯一的id；一个RDF图定义为三元组(s,p,o)的有限集合；每个三元组代表一个陈述句，其中s是主语，p是谓语，o是宾语；(s,p,o)表示资源s与资源o之间具有联系p，或表示资源s具有属性p且其取值为o。",RDF三元组,知识表示,,属于,RDF,知识表示
"在RDF三元组集合中，每个Web资源具有一个HTTPURI作为其唯一的id；一个RDF图定义为三元组(s,p,o)的有限集合；每个三元组代表一个陈述句，其中s是主语，p是谓语，o是宾语；(s,p,o)表示资源s与资源o之间具有联系p，或表示资源s具有属性p且其取值为o。",RDF三元组,知识表示,属性,被定义为,"(s,p,o)的有限集合",文本
实际上，RDF三元组集合即为图中的有向边集合。,RDF三元组集合,知识表示,属性,被定义为,图中的有向边集合,文本
节点属性可用三元组表示，这类三元组的宾语称为字面量，即图中的矩形。,节点属性,知识表示,,来源,RDF三元组,知识表示
边上的属性表示起来稍显烦琐，最常见的是利用RDF中一种叫作“具体化”（reification）的技术[2]，需要引入额外的点表示整个三元组，将边属性表示为以该节点为主语的三元组。,边上的属性,知识表示,,来源,具体化技术,知识表示
边上的属性表示起来稍显烦琐，最常见的是利用RDF中一种叫作“具体化”（reification）的技术[2]，需要引入额外的点表示整个三元组，将边属性表示为以该节点为主语的三元组。,边上的属性,知识表示,属性,英文名,reification,文本
图3-2RDF图中边属性的表示2.属性图属性图可以说是目前被图数据库业界采纳最广的一种图数据模型[3]。,属性图,知识表示,,内容,目前被图数据库业界采纳最广的一种图数据模型[3]。,文本
图3-2RDF图中边属性的表示2.属性图属性图可以说是目前被图数据库业界采纳最广的一种图数据模型[3]。,属性图,知识表示,属性,英文名,property graph,文本
图3-3给出的属性图不仅表达了RDF图的全部数据，而且还增加了边上的“权重”属性。,属性图,知识表示,,实现,RDF图,知识表示
图3-3给出的属性图不仅表达了RDF图的全部数据，而且还增加了边上的“权重”属性。,属性图,知识表示,,实现,RDF三元组,知识表示
目前，RDF图上的查询语言是SPARQL；属性图上的查询语言常用的是Cypher和Gremlin。,SPARQL,知识图谱项目,属性,被定义为,RDF图上的查询语言,文本
目前，RDF图上的查询语言是SPARQL；属性图上的查询语言常用的是Cypher和Gremlin。,SPARQL,知识图谱项目,,属于,查询语言,知识图谱项目
目前，RDF图上的查询语言是SPARQL；属性图上的查询语言常用的是Cypher和Gremlin。,Cypher,知识图谱项目,,实现,属性图,知识表示
1.SPARQLSPARQL是W3C制定的RDF图数据的标准查询语言[4]。,SPARQL,知识图谱项目,属性,被定义为,W3C制定的RDF图数据的标准查询语言,文本
SPARQL从语法上借鉴了SQL，同样属于声明式查询语言。,SPARQL,知识图谱项目,属性,内容,声明式查询语言,文本
最新的SPARQL1.1版本为有效查询RDF图专门设计了三元组模式、子图模式、属性路径等多种查询机制。,SPARQL1.1,知识图谱项目,属性,作用,查询RDF图专门设计了三元组模式、子图模式、属性路径等多种查询机制,文本
最新的SPARQL1.1版本为有效查询RDF图专门设计了三元组模式、子图模式、属性路径等多种查询机制。,三元组模式,知识表示,属性,英文名,triadic pattern,文本
最新的SPARQL1.1版本为有效查询RDF图专门设计了三元组模式、子图模式、属性路径等多种查询机制。,子图模式,知识表示,属性,英文名,subgraph pattern,文本
最新的SPARQL1.1版本为有效查询RDF图专门设计了三元组模式、子图模式、属性路径等多种查询机制。,属性路径,知识表示,属性,英文名,property path,文本
几乎全部的RDF三元组数据库都实现了SPARQL语言。,RDF三元组数据库,知识表示,,实现,SPARQL语言,知识图谱项目
三元组模式查询是最基本的SPARQL查询。,SPARQL查询,知识图谱项目,,包含,三元组模式查询,知识表示
（2）查询程序员张三认识的其他程序员参加的项目输出：说明：这是由两个三元组模式组成的一个基本图模式（Basic_Graph_Pattern）查询，简称为BGP查询。,BGP查询,知识图谱项目,属性,被定义为,两个三元组模式组成的一个基本图模式（Basic_Graph_Pattern）查询，简称为BGP查询。,文本
实际上，这两个三元组模式之间通过公共变量？p连接为一个链式查询。,三元组模式,知识表示,,包含,链式查询,知识表示
这里既有？p和？pr分别作为两个三元组模式的宾语和主语连接起来的链式模式，也有？p作为两个三元组模式的主语连接起来的星形结构，该查询是一个更加一般的BGP查询。,三元组模式,知识表示,,由组成,链式模式,知识表示
这里既有？p和？pr分别作为两个三元组模式的宾语和主语连接起来的链式模式，也有？p作为两个三元组模式的主语连接起来的星形结构，该查询是一个更加一般的BGP查询。,三元组模式,知识表示,,实现,星形结构,知识表示
实际上，BGP查询相当于一个带有变量的查询图，查询过程是在数据图中寻找与查询图映射Isomorphism）或子图同态匹配的所有子图，等价于图论中的子图同构（Subgraph（Subgraph_Homomorphism）问题[5]，所以也将BGP查询称为子图匹配查询。,BGP查询,知识图谱项目,,等价,子图匹配查询,知识表示
1.1引入的属性路径（Property_SPARQL_SPARQL实际上是一整套知识服务标准体系。,SPARQL,知识图谱项目,,属于,知识服务标准体系,知识表示
SPARQL1.1语言的语法和语义的完整定义请参见W3C的推荐标准“SPARQL1.1查询语言”[4]，该标准连同其他10个推荐标准共同组成了SPARQL知识平台，包括查询[4]、更新[6]、服务描述[7]、联邦查询[8]、查询结果格式[9]、蕴涵推理[10]和接口协议[11]等。,SPARQL1.1查询语言,知识图谱项目,,属于,SPARQL,知识图谱项目
开放的SPARQL学习教程有WikiBooks_SPARQL教程[12]、WikidataSPARQL教程[13]和Apache_Jena_SPARQL教程[14]等。,开放的SPARQL学习教程,知识图谱项目,,包含,WikiBooks_SPARQL教程[12],知识图谱项目
开放的SPARQL学习教程有WikiBooks_SPARQL教程[12]、WikidataSPARQL教程[13]和Apache_Jena_SPARQL教程[14]等。,开放的SPARQL学习教程,知识图谱项目,,包含,WikidataSPARQL教程[13],知识图谱项目
开放的SPARQL学习教程有WikiBooks_SPARQL教程[12]、WikidataSPARQL教程[13]和Apache_Jena_SPARQL教程[14]等。,开放的SPARQL学习教程,知识图谱项目,,包含,Apache_Jena_SPARQL教程[14],知识图谱项目
开放的SPARQL学习教程有WikiBooks_SPARQL教程[12]、WikidataSPARQL教程[13]和Apache_Jena_SPARQL教程[14]等。,WikiBooks_SPARQL教程,知识图谱项目,,包含,WikiBooks SPARQL教程,知识图谱项目
开放的SPARQL学习教程有WikiBooks_SPARQL教程[12]、WikidataSPARQL教程[13]和Apache_Jena_SPARQL教程[14]等。,WikidataSPARQL教程,知识图谱项目,,包含,WikidataSPARQL教程,知识图谱项目
开放的SPARQL学习教程有WikiBooks_SPARQL教程[12]、WikidataSPARQL教程[13]和Apache_Jena_SPARQL教程[14]等。,Apache_Jena_SPARQL教程,知识图谱项目,,包含,Apache Jena SPARQL教程,知识图谱项目
2.CypherCypher最初是图数据库Neo4j中实现的属性图数据查询语言[15]。,Cypher,知识图谱项目,,属于,属性图数据查询语言,知识表示
与SPARQL一样，Cypher也是一种声明式语言，即用户只需要声明“查什么”，而无须关心“怎么查”，这就好比乘坐出租车到一个目的地，只需要告诉司机要到哪里，具体的行车路线可由司机安排，乘客并不需要关心。,Cypher,知识图谱项目,,属于,声明式语言,知识表示
这类语言的优点是便于用户学习掌握，同时给予数据库进行查询优化的空间，缺点是不能满足高级用户导航式查询的要求，数据库规划的查询执行计划有可能并不是最优方案。,数据库查询语言,知识表示,属性,目标,便于用户学习掌握同时给予数据库进行查询优化的空间,文本
2015年，Neo4j公司发起开源项目openCypher[16]，旨在对Cypher进行标准化工作，为其他实现者提供语法和语义的参考标准。,openCypher,知识图谱项目,属性,目标,Cypher标准化工作,文本
虽然Cypher的发展目前仍由Neo4j主导，但包括SAP_HANA_Graph[17]、Redis_Graph[18]、AgensGraph[19]和Memgraph[20]等在内的图数据库产品已经实现了Cypher。,Cypher,知识图谱项目,,属于,Neo4j主导的图数据库产品,知识图谱项目
3.GremlinGremlin是Apache_TinkerPop图计算框架[21]提供的属性图查询语言[22]。,Gremlin,知识图谱项目,,属于,属性图查询语言,知识表示
ApacheTinkerPop被设计为访问图数据库的通用API接口，其作用类似于关系数据库上的JDBC接口。,ApacheTinkerPop,知识图谱项目,属性,内容,访问图数据库的通用API接口,文本
Gremlin的定位是图遍历语言，其执行机制好比是一个人置身于图中沿着有向边，从一个节点到另一个节点进行导航式的游走。,Gremlin,知识图谱项目,,属于,图遍历语言,知识表示
这种执行方式决定了用户使用Gremlin需要指明具体的导航步骤，这和自己驾驶汽车到一个目的地需要知道行车路线是一个道理，所以将Gremlin归为过程式语言，即需要明确“怎么做”。,Gremlin,知识图谱项目,,属于,过程式语言,知识表述
这类语言的优点是可以时刻知道自己在图中所处的位置，以及是如何到达该位置的；缺点是用户需要“认识路”！与受到SQL影响的声明式语言SPARQL和Cypher不同，Gremlin更像一种函数式的编程语言接口。,Gremlin,知识图谱项目,,属于,函数式的编程语言接口,知识表示
下面通过几个例子认识Gremlin语言，假设用g代表图3-3中的属性图。,Gremlin,知识图谱项目,,属于,图查询语言,知识表示
（1）列出图中所有节点的属性输出：说明：V表示节点集合。,V,知识表示,属性,目标,列出图中所有节点的属性,文本
（1）列出图中所有节点的属性输出：说明：V表示节点集合。,V,知识表示,属性,被定义为,节点集合,文本
（2）列出图中所有的边输出：说明：E表示边集合。,边,知识表示,属性,英文名,E,文本
3.2常见知识图谱存储方法本节介绍三类知识图谱数据库：基于关系数据库的存储方案、面向RDF的三元组数据库和原生图数据库，多数系统给出了演示操作步骤。,基于关系数据库的存储方案,知识存储,属性,英文名,based on relation database storage,文本
3.2.1基于关系数据库的存储方案关系数据库拥有40多年的发展历史，从理论到实践有着一整套成熟体系。,关系数据库,知识存储,,包含,关系数据库的存储方案,知识存储
在历史上，关系数据库曾经取代了层次数据库和网状数据库；成功吸收容纳了面向对象数据库和XML数据库，成为现今数据管理的主流数据库产品。,关系数据库,知识存储,属性,实现,历史数据管理的主流数据库产品,知识图谱项目
商业数据库包括Oracle、DB2和SQL_Server等，开源数据库包括PostgreSQL和MySQL等。,商业数据库,知识存储,,包含,Oracle,知识图谱项目
商业数据库包括Oracle、DB2和SQL_Server等，开源数据库包括PostgreSQL和MySQL等。,商业数据库,知识存储,属性,包含,DB2,知识图谱项目
商业数据库包括Oracle、DB2和SQL_Server等，开源数据库包括PostgreSQL和MySQL等。,商业数据库,知识存储,,包含,SQL_Server,知识图谱项目
商业数据库包括Oracle、DB2和SQL_Server等，开源数据库包括PostgreSQL和MySQL等。,开源数据库,知识存储,,包含,PostgreSQL,知识图谱项目
商业数据库包括Oracle、DB2和SQL_Server等，开源数据库包括PostgreSQL和MySQL等。,开源数据库,知识存储,,包含,MySQL,知识图谱项目
因此基于历史上的成功经验，人们容易想到使用关系数据库存储知识图谱。,关系数据库,知识存储,,实现,知识图谱,知识图谱
因此基于历史上的成功经验，人们容易想到使用关系数据库存储知识图谱。,关系数据库,知识存储,属性,英文名,relational database,文本
基于关系数据库的存储方案是目前知识图谱采用的一种主要存储方法。,基于关系数据库的存储方案,知识存储,,属于,知识图谱存储方法,知识存储
本小节将按照时间发展顺序简要介绍各种基于关系表的知识图谱存储结构，包括三元组表、水平表、属性表、垂直划分、六重索引和DB2RDF。,基于关系表的知识图谱存储结构,知识存储,,包含,三元组表,知识存储
本小节将按照时间发展顺序简要介绍各种基于关系表的知识图谱存储结构，包括三元组表、水平表、属性表、垂直划分、六重索引和DB2RDF。,基于关系表的知识图谱存储结构,知识存储,,包含,基于关系表的知识图谱存储结构,知识存储
如图3-4所示，下面以摘自DBpedia数据集[23]的RDF数据作为知识图谱进行讲解和举例。,RDF数据,知识图谱项目,,实现,知识图谱进行讲解和举例,知识图谱
该知识图谱描述了IBM公司及其创始人Charles_Flint和Google公司及其创始人LarryPage的一些属性和联系。,知识图谱,知识存储,属性,创建者,IBM公司,实验室
表3-1三元组表三元组表存储方案虽然简单明了，但三元组表的行数与知识图谱的边数一样，其最大问题在于将知识图谱查询翻译为SQL查询后的三元组表自连接。,三元组表,知识存储,,属于,存储方案,知识存储
表3-1三元组表三元组表存储方案虽然简单明了，但三元组表的行数与知识图谱的边数一样，其最大问题在于将知识图谱查询翻译为SQL查询后的三元组表自连接。,三元组表,知识存储,属性,英文名,triad table,文本
当三元组表规模较大时，多个自连接操作会使SQL查询性能低下。,自连接操作,知识存储,属性,缺点,降低SQL查询性能低下,文本
采用三元组表存储方案的代表是RDF数据库系统3store[24]。,RDF数据库系统3store,知识图谱项目,,属于,采用三元组表存储方案,知识存储
图3-5一个星形SPARQL查询图3-6三元组表方案中SPARQL查询转换为等价的SQL查询2.水平表水平表存储方案同样非常简单，与三元组表不同，其每行记录存储一个知识图谱中一个主语的所有谓语和宾语。,SPARQL查询,知识图谱项目,,包含,星形SPARQL查询,知识图谱项目
实际上，水平表就相当于知识图谱的邻接表。,水平表,知识存储,,等价,知识图谱的邻接表,知识存储
表3-2是图3-4中知识图谱对应的水平表，共有5行、13列，限于篇幅省略了若干列。,水平表,知识存储,属性,英文名,table,文本
不难看出，水平表的列数是知识图谱中不同谓语的数量，行数是知识图谱中不同主语的数量。,水平表的列数,知识存储,属性,内容,知识图谱中不同谓语的数量,文本
不难看出，水平表的列数是知识图谱中不同谓语的数量，行数是知识图谱中不同主语的数量。,水平表的行数,知识存储,属性,内容,知识图谱中不同主语的数量,文本
不难看出，水平表的列数是知识图谱中不同谓语的数量，行数是知识图谱中不同主语的数量。,水平表的列数,知识存储,属性,内容,知识图谱中不同谓语的数量,文本
不难看出，水平表的列数是知识图谱中不同谓语的数量，行数是知识图谱中不同主语的数量。,水平表的行数,知识存储,属性,内容,知识图谱中不同主语的数量,文本
表3-2水平表在水平表存储方案中，图3-5所示的SPARQL查询可以等价地翻译为图3-7中的SQL查询。,水平表存储方案,知识存储,,包含,SPARQL查询,知识图谱项目
可见，与三元组表相比，水平表的查询大为简化，仅需单表查询即可完成该任务，不用进行连接操作。,水平表,知识存储,属性,特点,简化,文本
可见，与三元组表相比，水平表的查询大为简化，仅需单表查询即可完成该任务，不用进行连接操作。,水平表,知识存储,属性,英文名,level table,文本
采用水平表存储方案的代表是早期的RDF数据库系统DLDB[25]。,DLDB,知识图谱项目,,属于,水平表存储方案,知识存储
3.属性表属性表（Property_Table）存储方案是对水平表的细化，将同类主语分到一个表中，不同类主语分到不同表中。,属性表,知识存储,属性,英文名,Property_Table,文本
对于图3-5中的SPARQL查询，在属性表存储方案上等价的SQL查询如图3-9所示；该查询与图3-7中水平表上查询的唯一区别是将表名由t变为了person。,SPARQL查询,知识图谱项目,属性,特点,在属性表存储方案上等价的SQL查询,文本
图3-8属性表图3-9属性表方案中SPARQL查询转换为等价的SQL查询属性表既克服了三元组表的自连接问题，又解决了水平表中列数目过多的问题。,属性表,知识存储,属性,作用,SPARQL查询转换为等价的SQL查询,文本
图3-8属性表图3-9属性表方案中SPARQL查询转换为等价的SQL查询属性表既克服了三元组表的自连接问题，又解决了水平表中列数目过多的问题。,属性表,知识存储,,实现,SPARQL查询,知识图谱项目
实际上，水平表方案是属性表存储方案的一种极端情况，即水平表是将所有主语划归为一类，因此属性表中的空值问题与水平表相比会大为缓解。,水平表方案,知识存储,,属于,属性表存储方案,知识存储
实际上，水平表方案是属性表存储方案的一种极端情况，即水平表是将所有主语划归为一类，因此属性表中的空值问题与水平表相比会大为缓解。,水平表方案,知识存储,属性,被定义为,属性表存储方案的一种极端情况,文本
采用属性表存储方案的代表是RDF三元组库Jena[26]。,RDF三元组库Jena,知识图片项目,,属于,采用属性表存储方案,知识存储
